# L2 ridge frontier, exact dense NNLS, run a3d9dc34 (commit 80609ff, wall 2003.5s), from the
# L2_FRONTIER CSV block in the run log (orx logs a3d9dc34). chi2_per_bin is the SCORED gate
# metric; delta_J is velocity_J minus the lambda=1e-6 anchor (139620.6).
lambda,N_eff,chi2_per_bin_scored,delta_J,kkt_reduced
1e-06,24.77963846,99.9798667497,0.00000000,1.36755691e-15
3e-06,24.78338384,99.9798667497,-0.36198370,1.11291660e-15
1e-05,24.79648178,99.9798667497,-1.61709783,7.59788904e-16
3e-05,24.83381007,99.9798667497,-5.09765730,4.62482266e-16
0.0001,40.44928537,99.9798667497,-556.29948520,8.08148326e-16
0.0003,55.13464190,99.9798667498,-869.34880389,1.05328520e-15
0.001,59.68298395,99.9798667498,-898.76920118,7.60085424e-16
0.003,72.73746469,99.9798667501,-1165.93407301,5.35433082e-16
0.01,94.14917513,99.9798667507,-1721.26520847,6.26821968e-16
